{"cameraMode":{"drawMode":0,"name":"Shaded","section":"Shading Mode"},"sceneLighting":false,"audioPlay":false,"sceneViewState":{"m_AlwaysRefresh":false,"showFog":true,"showSkybox":false,"showFlares":true,"showImageEffects":true,"showParticleSystems":true,"showVisualEffectGraphs":true,"m_FxEnabled":true},"in2DMode":false,"pivot":{"x":-0.2922651767730713,"y":-0.25098171830177309,"z":0.6691885590553284},"rotation":{"x":-0.11137768626213074,"y":0.3336262106895447,"z":-0.03965672478079796,"w":-0.9353115558624268},"size":0.8660253882408142,"orthographic":false}