{"cameraMode":{"drawMode":0,"name":"Shaded","section":"Shading Mode"},"sceneLighting":false,"audioPlay":false,"sceneViewState":{"m_AlwaysRefresh":false,"showFog":true,"showSkybox":false,"showFlares":true,"showImageEffects":true,"showParticleSystems":true,"showVisualEffectGraphs":true,"m_FxEnabled":true},"in2DMode":false,"pivot":{"x":0.6377359628677368,"y":7.577690601348877,"z":-0.9584513902664185},"rotation":{"x":0.014704424887895584,"y":-0.3801421523094177,"z":0.006043600849807262,"w":0.9247971177101135},"size":2.6951873302459719,"orthographic":false}