{"cameraMode":{"drawMode":0,"name":"Shaded","section":"Shading Mode"},"sceneLighting":false,"audioPlay":false,"sceneViewState":{"m_AlwaysRefresh":false,"showFog":true,"showSkybox":false,"showFlares":true,"showImageEffects":true,"showParticleSystems":true,"showVisualEffectGraphs":true,"m_FxEnabled":true},"in2DMode":false,"pivot":{"x":0.047089748084545138,"y":0.006251308135688305,"z":0.28937622904777529},"rotation":{"x":0.16809403896331788,"y":-0.004436977673321962,"z":0.0007562165264971554,"w":0.9857562780380249},"size":0.38149651885032656,"orthographic":false}