{"cameraMode":{"drawMode":0,"name":"Shaded","section":"Shading Mode"},"sceneLighting":false,"audioPlay":false,"sceneViewState":{"m_AlwaysRefresh":false,"showFog":true,"showSkybox":false,"showFlares":true,"showImageEffects":true,"showParticleSystems":true,"showVisualEffectGraphs":true,"m_FxEnabled":true},"in2DMode":false,"pivot":{"x":3.873983383178711,"y":4.5694427490234379,"z":-7.318896293640137},"rotation":{"x":0.21653205156326295,"y":0.035961613059043887,"z":-0.00810375064611435,"w":0.9756588339805603},"size":0.7071067690849304,"orthographic":false}