{"cameraMode":{"drawMode":0,"name":"Shaded","section":"Shading Mode"},"sceneLighting":false,"audioPlay":false,"sceneViewState":{"m_AlwaysRefresh":false,"showFog":true,"showSkybox":false,"showFlares":true,"showImageEffects":true,"showParticleSystems":true,"showVisualEffectGraphs":true,"m_FxEnabled":true},"in2DMode":false,"pivot":{"x":0.43593189120292666,"y":1.8303344249725342,"z":2.2241971492767336},"rotation":{"x":-0.03778033331036568,"y":0.022490348666906358,"z":-0.0008582190494053066,"w":-0.9990500211715698},"size":0.8660253882408142,"orthographic":false}